,close_b,volume_b,close_eth,volume_eth,close_b_f,volume_b_f,close_eth_f,volume_eth_f
close_b,1.0,0.5909941512634522,0.6375515381335966,0.5849644337693621,0.9984580615123977,0.21084792105963548,0.6387848694084133,0.1893484954707062
volume_b,0.5909941512634522,1.0,0.2720149541597895,0.9146333858585965,0.5902836955940404,0.728498076038753,0.2716919286579529,0.6026939756065542
close_eth,0.6375515381335966,0.2720149541597895,1.0,0.3398265556883537,0.6325916311962938,0.07023906552042397,0.9970579618558374,0.06028075373635177
volume_eth,0.5849644337693621,0.9146333858585965,0.3398265556883537,1.0,0.5810793038713074,0.6696240017061328,0.33536146729231653,0.7065663826360699
close_b_f,0.9984580615123977,0.5902836955940404,0.6325916311962938,0.5810793038713074,1.0,0.20609977651616368,0.6371846108208752,0.18495231257540082
volume_b_f,0.21084792105963548,0.728498076038753,0.07023906552042397,0.6696240017061328,0.20609977651616368,1.0,0.06346408130871108,0.686583883725375
close_eth_f,0.6387848694084133,0.2716919286579529,0.9970579618558374,0.33536146729231653,0.6371846108208752,0.06346408130871108,1.0,0.05032948810079753
volume_eth_f,0.1893484954707062,0.6026939756065542,0.06028075373635177,0.7065663826360699,0.18495231257540082,0.686583883725375,0.05032948810079753,1.0
