,close_b,volume_b,close_eth,volume_eth,close_b_f,volume_b_f,close_eth_f,volume_eth_f
close_b,1.0,0.44133219145944036,0.8383844743247579,0.4884020371221248,0.9996469165057099,0.17650588048984361,0.83861040833008,-0.0577757047160127
volume_b,0.44133219145944036,1.0,0.30557237128686326,0.8783837136530469,0.44126556073329065,0.6345194376693495,0.30603824528744217,0.5498735091142597
close_eth,0.8383844743247579,0.30557237128686326,1.0,0.43633296467847354,0.8374818427005526,-0.0068705478450120615,0.9990806321553573,-0.14355101721882724
volume_eth,0.4884020371221248,0.8783837136530469,0.43633296467847354,1.0,0.4873970439667773,0.5101653589307028,0.4354589895964136,0.5785609504488524
close_b_f,0.9996469165057099,0.44126556073329065,0.8374818427005526,0.4873970439667773,1.0,0.1757526239085368,0.8386287396865657,-0.058925113037797905
volume_b_f,0.17650588048984361,0.6345194376693495,-0.0068705478450120615,0.5101653589307028,0.1757526239085368,1.0,-0.007264158401926233,0.7092495416541842
close_eth_f,0.83861040833008,0.30603824528744217,0.9990806321553573,0.4354589895964136,0.8386287396865657,-0.007264158401926233,1.0,-0.1453327817585443
volume_eth_f,-0.0577757047160127,0.5498735091142597,-0.14355101721882724,0.5785609504488524,-0.058925113037797905,0.7092495416541842,-0.1453327817585443,1.0
