,close_b,volume_b,close_eth,volume_eth,close_b_f,volume_b_f,close_eth_f,volume_eth_f
close_b,1.0,0.6824826914347016,0.913607777813001,0.7608804382063559,0.9996589040804734,0.3208673600618628,0.9138487988713581,0.19228828942874535
volume_b,0.6824826914347016,1.0,0.5688505588460308,0.925553534324907,0.6824906739939111,0.6562639499009223,0.5684554664676994,0.5570642713296107
close_eth,0.913607777813001,0.5688505588460308,1.0,0.6767584163558205,0.9123667939016121,0.27044288407142675,0.9991043732902626,0.1515627238598145
volume_eth,0.7608804382063559,0.925553534324907,0.6767584163558205,1.0,0.759815734431951,0.5996397115438167,0.6748372664842212,0.5883072701624597
close_b_f,0.9996589040804734,0.6824906739939111,0.9123667939016121,0.759815734431951,1.0,0.31984991575850386,0.9134816678265056,0.19144027872545202
volume_b_f,0.3208673600618628,0.6562639499009223,0.27044288407142675,0.5996397115438167,0.31984991575850386,1.0,0.267697484441821,0.7169483956531975
close_eth_f,0.9138487988713581,0.5684554664676994,0.9991043732902626,0.6748372664842212,0.9134816678265056,0.267697484441821,1.0,0.147942983372457
volume_eth_f,0.19228828942874535,0.5570642713296107,0.1515627238598145,0.5883072701624597,0.19144027872545202,0.7169483956531975,0.147942983372457,1.0
